<?xml version="1.0" encoding="UTF-8" standalone="no"?><configurationDescriptor version="62">
  <logicalFolder displayName="root" name="root" projectFiles="true">
    <logicalFolder displayName="Header Files" name="HeaderFiles" projectFiles="true">
      <logicalFolder displayName="LIB" name="f1" projectFiles="true">
        <itemPath>../../C-LIB/HS-Ulm/RV-304x/RV3049.h</itemPath>
        <itemPath>../../C-LIB/HS-Ulm/LCD/LCD_lib_busy.h</itemPath>
        <itemPath>../../C-LIB/HS-Ulm/uCQuick/uCQ_2013.h</itemPath>
      </logicalFolder>
      <itemPath>RV4049pro.h</itemPath>
      <itemPath>lcd_config.h</itemPath>
      <itemPath>global_def.h</itemPath>
    </logicalFolder>
    <logicalFolder displayName="Linker Files" name="LinkerScript" projectFiles="true">
    </logicalFolder>
    <logicalFolder displayName="Source Files" name="SourceFiles" projectFiles="true">
      <logicalFolder displayName="LIB" name="f1" projectFiles="true">
        <itemPath>../../C-LIB/HS-Ulm/RV-304x/RV3049.c</itemPath>
        <itemPath>../../C-LIB/HS-Ulm/LCD/LCD_lib_busy.c</itemPath>
      </logicalFolder>
      <itemPath>RV3049_main.c</itemPath>
      <itemPath>RV3049_config.c</itemPath>
      <itemPath>RV3049_interrupt.c</itemPath>
    </logicalFolder>
    <logicalFolder displayName="Important Files" name="ExternalFiles" projectFiles="false">
      <itemPath>Makefile</itemPath>
      <itemPath>../../../DataSheets/Zeit/RV-3049_App-Manual_V2.1.pdf</itemPath>
    </logicalFolder>
  </logicalFolder>
  <sourceRootList>
    <Elem>../../C-LIB/HS-Ulm/LCD</Elem>
    <Elem>.</Elem>
    <Elem>../../C-LIB/HS-Ulm/RV-304x</Elem>
    <Elem>../../C-LIB/HS-Ulm/uCQuick</Elem>
  </sourceRootList>
  <projectmakefile>Makefile</projectmakefile>
  <confs>
    <conf name="25K22_C18" type="2">
      <toolsSet>
        <developmentServer>localhost</developmentServer>
        <targetDevice>PIC18F25K22</targetDevice>
        <targetHeader/>
        <targetPluginBoard/>
        <platformTool>PICkit3PlatformTool</platformTool>
        <languageToolchain>C18</languageToolchain>
        <languageToolchainVersion>3.47</languageToolchainVersion>
        <platform>3</platform>
      </toolsSet>
      <compileType>
        <linkerTool>
          <linkerLibItems>
          </linkerLibItems>
        </linkerTool>
        <archiverTool>
        </archiverTool>
        <loading>
          <useAlternateLoadableFile>false</useAlternateLoadableFile>
          <parseOnProdLoad>false</parseOnProdLoad>
          <alternateLoadableFile/>
        </loading>
        <subordinates>
        </subordinates>
      </compileType>
      <makeCustomizationType>
        <makeCustomizationPreStepEnabled>false</makeCustomizationPreStepEnabled>
        <makeCustomizationPreStep/>
        <makeCustomizationPostStepEnabled>false</makeCustomizationPostStepEnabled>
        <makeCustomizationPostStep/>
        <makeCustomizationPutChecksumInUserID>false</makeCustomizationPutChecksumInUserID>
        <makeCustomizationEnableLongLines>false</makeCustomizationEnableLongLines>
        <makeCustomizationNormalizeHexFile>false</makeCustomizationNormalizeHexFile>
      </makeCustomizationType>
      <C18>
        <property key="code-model" value="ms"/>
        <property key="data-model" value="oa-"/>
        <property key="default-char-unsigned" value="false"/>
        <property key="enable-all-optimizations" value="true"/>
        <property key="enable-int-promotion" value="false"/>
        <property key="enable-multi-bank-stack-model" value="false"/>
        <property key="enable-ob" value="true"/>
        <property key="enable-od" value="true"/>
        <property key="enable-om" value="true"/>
        <property key="enable-on" value="true"/>
        <property key="enable-op" value="true"/>
        <property key="enable-opa" value="true"/>
        <property key="enable-or" value="true"/>
        <property key="enable-os" value="true"/>
        <property key="enable-ot" value="true"/>
        <property key="enable-ou" value="true"/>
        <property key="enable-ow" value="true"/>
        <property key="extra-include-directories" value=".\"/>
        <property key="optimization-master" value="Enable all"/>
        <property key="preprocessor-macros" value=""/>
        <property key="procedural-abstraction-passes" value="4"/>
        <property key="storage-class" value="sca"/>
        <property key="verbose" value="false"/>
        <property key="warning-level" value="2"/>
      </C18>
      <C18-LD>
        <property key="cod-file" value="false"/>
        <property key="extra-lib-directories" value=""/>
        <property key="hex-output-format" value="INHX32"/>
        <property key="map-file" value="${DISTDIR}/${PROJECTNAME}.${IMAGE_TYPE}.map"/>
      </C18-LD>
      <C18LanguageToolchain>
        <property key="extended-mode" value="false"/>
        <property key="extended-mode-mcc18" value="false"/>
        <property key="extended-mode-mpasm" value="false"/>
        <property key="extended-mode-mplink" value="false"/>
        <property key="stack-analysis" value="false"/>
        <property key="stack-analysis-mcc18" value="false"/>
        <property key="stack-analysis-mplink" value="false"/>
      </C18LanguageToolchain>
      <PICkit3PlatformTool>
        <property key="AutoSelectMemRanges" value="auto"/>
        <property key="Freeze Peripherals" value="true"/>
        <property key="SecureSegment.SegmentProgramming" value="FullChipProgramming"/>
        <property key="ToolFirmwareFilePath" value="Press to browse for a specific firmware version"/>
        <property key="ToolFirmwareOption.UseLatestFirmware" value="true"/>
        <property key="hwtoolclock.frcindebug" value="false"/>
        <property key="memories.aux" value="false"/>
        <property key="memories.bootflash" value="true"/>
        <property key="memories.configurationmemory" value="true"/>
        <property key="memories.configurationmemory2" value="true"/>
        <property key="memories.dataflash" value="true"/>
        <property key="memories.eeprom" value="true"/>
        <property key="memories.flashdata" value="true"/>
        <property key="memories.id" value="true"/>
        <property key="memories.instruction.ram" value="true"/>
        <property key="memories.instruction.ram.ranges" value="${memories.instruction.ram.ranges}"/>
        <property key="memories.programmemory" value="true"/>
        <property key="memories.programmemory.ranges" value="0-7fff"/>
        <property key="poweroptions.powerenable" value="false"/>
        <property key="programmertogo.imagename" value=""/>
        <property key="programoptions.donoteraseauxmem" value="false"/>
        <property key="programoptions.eraseb4program" value="true"/>
        <property key="programoptions.pgmspeed" value="2"/>
        <property key="programoptions.preservedataflash" value="false"/>
        <property key="programoptions.preservedataflash.ranges" value="${programoptions.preservedataflash.ranges}"/>
        <property key="programoptions.preserveeeprom" value="false"/>
        <property key="programoptions.preserveeeprom.ranges" value=""/>
        <property key="programoptions.preserveprogram.ranges" value=""/>
        <property key="programoptions.preserveprogramrange" value="false"/>
        <property key="programoptions.preserveuserid" value="false"/>
        <property key="programoptions.programcalmem" value="false"/>
        <property key="programoptions.programuserotp" value="false"/>
        <property key="programoptions.testmodeentrymethod" value="VDDFirst"/>
        <property key="programoptions.usehighvoltageonmclr" value="false"/>
        <property key="programoptions.uselvpprogramming" value="false"/>
        <property key="voltagevalue" value="4.75"/>
      </PICkit3PlatformTool>
    </conf>
    <conf name="24K22_C18" type="2">
      <toolsSet>
        <developmentServer>localhost</developmentServer>
        <targetDevice>PIC18F24K22</targetDevice>
        <targetHeader/>
        <targetPluginBoard/>
        <platformTool>PICkit3PlatformTool</platformTool>
        <languageToolchain>C18</languageToolchain>
        <languageToolchainVersion>3.47</languageToolchainVersion>
        <platform>3</platform>
      </toolsSet>
      <compileType>
        <linkerTool>
          <linkerLibItems>
          </linkerLibItems>
        </linkerTool>
        <archiverTool>
        </archiverTool>
        <loading>
          <useAlternateLoadableFile>false</useAlternateLoadableFile>
          <parseOnProdLoad>false</parseOnProdLoad>
          <alternateLoadableFile/>
        </loading>
        <subordinates>
        </subordinates>
      </compileType>
      <makeCustomizationType>
        <makeCustomizationPreStepEnabled>false</makeCustomizationPreStepEnabled>
        <makeCustomizationPreStep/>
        <makeCustomizationPostStepEnabled>false</makeCustomizationPostStepEnabled>
        <makeCustomizationPostStep/>
        <makeCustomizationPutChecksumInUserID>false</makeCustomizationPutChecksumInUserID>
        <makeCustomizationEnableLongLines>false</makeCustomizationEnableLongLines>
        <makeCustomizationNormalizeHexFile>false</makeCustomizationNormalizeHexFile>
      </makeCustomizationType>
      <C18>
        <property key="code-model" value="ms"/>
        <property key="data-model" value="oa-"/>
        <property key="default-char-unsigned" value="false"/>
        <property key="enable-all-optimizations" value="true"/>
        <property key="enable-int-promotion" value="false"/>
        <property key="enable-multi-bank-stack-model" value="false"/>
        <property key="enable-ob" value="true"/>
        <property key="enable-od" value="true"/>
        <property key="enable-om" value="true"/>
        <property key="enable-on" value="true"/>
        <property key="enable-op" value="true"/>
        <property key="enable-opa" value="true"/>
        <property key="enable-or" value="true"/>
        <property key="enable-os" value="true"/>
        <property key="enable-ot" value="true"/>
        <property key="enable-ou" value="true"/>
        <property key="enable-ow" value="true"/>
        <property key="extra-include-directories" value=".\"/>
        <property key="optimization-master" value="Enable all"/>
        <property key="preprocessor-macros" value=""/>
        <property key="procedural-abstraction-passes" value="4"/>
        <property key="storage-class" value="sca"/>
        <property key="verbose" value="false"/>
        <property key="warning-level" value="2"/>
      </C18>
      <C18-LD>
        <property key="cod-file" value="false"/>
        <property key="extra-lib-directories" value=""/>
        <property key="hex-output-format" value="INHX32"/>
        <property key="map-file" value="${DISTDIR}/${PROJECTNAME}.${IMAGE_TYPE}.map"/>
      </C18-LD>
      <C18LanguageToolchain>
        <property key="extended-mode" value="false"/>
        <property key="extended-mode-mcc18" value="false"/>
        <property key="extended-mode-mpasm" value="false"/>
        <property key="extended-mode-mplink" value="false"/>
        <property key="stack-analysis" value="false"/>
        <property key="stack-analysis-mcc18" value="false"/>
        <property key="stack-analysis-mplink" value="false"/>
      </C18LanguageToolchain>
      <PICkit3PlatformTool>
        <property key="AutoSelectMemRanges" value="auto"/>
        <property key="Freeze Peripherals" value="true"/>
        <property key="SecureSegment.SegmentProgramming" value="FullChipProgramming"/>
        <property key="ToolFirmwareFilePath" value="Press to browse for a specific firmware version"/>
        <property key="ToolFirmwareOption.UseLatestFirmware" value="true"/>
        <property key="hwtoolclock.frcindebug" value="false"/>
        <property key="memories.aux" value="false"/>
        <property key="memories.bootflash" value="true"/>
        <property key="memories.configurationmemory" value="true"/>
        <property key="memories.configurationmemory2" value="true"/>
        <property key="memories.dataflash" value="true"/>
        <property key="memories.eeprom" value="true"/>
        <property key="memories.flashdata" value="true"/>
        <property key="memories.id" value="true"/>
        <property key="memories.instruction.ram" value="true"/>
        <property key="memories.instruction.ram.ranges" value="${memories.instruction.ram.ranges}"/>
        <property key="memories.programmemory" value="true"/>
        <property key="memories.programmemory.ranges" value="0-7fff"/>
        <property key="poweroptions.powerenable" value="true"/>
        <property key="programmertogo.imagename" value=""/>
        <property key="programoptions.donoteraseauxmem" value="false"/>
        <property key="programoptions.eraseb4program" value="true"/>
        <property key="programoptions.pgmspeed" value="2"/>
        <property key="programoptions.preservedataflash" value="false"/>
        <property key="programoptions.preservedataflash.ranges" value="${programoptions.preservedataflash.ranges}"/>
        <property key="programoptions.preserveeeprom" value="false"/>
        <property key="programoptions.preserveeeprom.ranges" value=""/>
        <property key="programoptions.preserveprogram.ranges" value=""/>
        <property key="programoptions.preserveprogramrange" value="false"/>
        <property key="programoptions.preserveuserid" value="false"/>
        <property key="programoptions.programcalmem" value="false"/>
        <property key="programoptions.programuserotp" value="false"/>
        <property key="programoptions.testmodeentrymethod" value="VDDFirst"/>
        <property key="programoptions.usehighvoltageonmclr" value="false"/>
        <property key="programoptions.uselvpprogramming" value="false"/>
        <property key="voltagevalue" value="4.5"/>
      </PICkit3PlatformTool>
    </conf>
    <conf name="26K22_C18" type="2">
      <toolsSet>
        <developmentServer>localhost</developmentServer>
        <targetDevice>PIC18F26K22</targetDevice>
        <targetHeader/>
        <targetPluginBoard/>
        <platformTool>PICkit3PlatformTool</platformTool>
        <languageToolchain>C18</languageToolchain>
        <languageToolchainVersion>3.47</languageToolchainVersion>
        <platform>3</platform>
      </toolsSet>
      <compileType>
        <linkerTool>
          <linkerLibItems>
          </linkerLibItems>
        </linkerTool>
        <archiverTool>
        </archiverTool>
        <loading>
          <useAlternateLoadableFile>false</useAlternateLoadableFile>
          <parseOnProdLoad>false</parseOnProdLoad>
          <alternateLoadableFile/>
        </loading>
        <subordinates>
        </subordinates>
      </compileType>
      <makeCustomizationType>
        <makeCustomizationPreStepEnabled>false</makeCustomizationPreStepEnabled>
        <makeCustomizationPreStep/>
        <makeCustomizationPostStepEnabled>false</makeCustomizationPostStepEnabled>
        <makeCustomizationPostStep/>
        <makeCustomizationPutChecksumInUserID>false</makeCustomizationPutChecksumInUserID>
        <makeCustomizationEnableLongLines>false</makeCustomizationEnableLongLines>
        <makeCustomizationNormalizeHexFile>false</makeCustomizationNormalizeHexFile>
      </makeCustomizationType>
      <C18>
        <property key="code-model" value="ms"/>
        <property key="data-model" value="oa-"/>
        <property key="default-char-unsigned" value="false"/>
        <property key="enable-all-optimizations" value="true"/>
        <property key="enable-int-promotion" value="false"/>
        <property key="enable-multi-bank-stack-model" value="false"/>
        <property key="enable-ob" value="true"/>
        <property key="enable-od" value="true"/>
        <property key="enable-om" value="true"/>
        <property key="enable-on" value="true"/>
        <property key="enable-op" value="true"/>
        <property key="enable-opa" value="true"/>
        <property key="enable-or" value="true"/>
        <property key="enable-os" value="true"/>
        <property key="enable-ot" value="true"/>
        <property key="enable-ou" value="true"/>
        <property key="enable-ow" value="true"/>
        <property key="extra-include-directories" value=".\"/>
        <property key="optimization-master" value="Enable all"/>
        <property key="preprocessor-macros" value=""/>
        <property key="procedural-abstraction-passes" value="4"/>
        <property key="storage-class" value="sca"/>
        <property key="verbose" value="false"/>
        <property key="warning-level" value="2"/>
      </C18>
      <C18-LD>
        <property key="cod-file" value="false"/>
        <property key="extra-lib-directories" value=""/>
        <property key="hex-output-format" value="INHX32"/>
        <property key="map-file" value="${DISTDIR}/${PROJECTNAME}.${IMAGE_TYPE}.map"/>
      </C18-LD>
      <C18LanguageToolchain>
        <property key="extended-mode" value="false"/>
        <property key="extended-mode-mcc18" value="false"/>
        <property key="extended-mode-mpasm" value="false"/>
        <property key="extended-mode-mplink" value="false"/>
        <property key="stack-analysis" value="false"/>
        <property key="stack-analysis-mcc18" value="false"/>
        <property key="stack-analysis-mplink" value="false"/>
      </C18LanguageToolchain>
      <PICkit3PlatformTool>
        <property key="AutoSelectMemRanges" value="auto"/>
        <property key="Freeze Peripherals" value="true"/>
        <property key="SecureSegment.SegmentProgramming" value="FullChipProgramming"/>
        <property key="ToolFirmwareFilePath" value="Press to browse for a specific firmware version"/>
        <property key="ToolFirmwareOption.UseLatestFirmware" value="true"/>
        <property key="hwtoolclock.frcindebug" value="false"/>
        <property key="memories.aux" value="false"/>
        <property key="memories.bootflash" value="true"/>
        <property key="memories.configurationmemory" value="true"/>
        <property key="memories.configurationmemory2" value="true"/>
        <property key="memories.dataflash" value="true"/>
        <property key="memories.eeprom" value="true"/>
        <property key="memories.flashdata" value="true"/>
        <property key="memories.id" value="true"/>
        <property key="memories.instruction.ram" value="true"/>
        <property key="memories.instruction.ram.ranges" value="${memories.instruction.ram.ranges}"/>
        <property key="memories.programmemory" value="true"/>
        <property key="memories.programmemory.ranges" value="0-7fff"/>
        <property key="poweroptions.powerenable" value="false"/>
        <property key="programmertogo.imagename" value=""/>
        <property key="programoptions.donoteraseauxmem" value="false"/>
        <property key="programoptions.eraseb4program" value="true"/>
        <property key="programoptions.pgmspeed" value="2"/>
        <property key="programoptions.preservedataflash" value="false"/>
        <property key="programoptions.preservedataflash.ranges" value="${programoptions.preservedataflash.ranges}"/>
        <property key="programoptions.preserveeeprom" value="false"/>
        <property key="programoptions.preserveeeprom.ranges" value=""/>
        <property key="programoptions.preserveprogram.ranges" value=""/>
        <property key="programoptions.preserveprogramrange" value="false"/>
        <property key="programoptions.preserveuserid" value="false"/>
        <property key="programoptions.programcalmem" value="false"/>
        <property key="programoptions.programuserotp" value="false"/>
        <property key="programoptions.testmodeentrymethod" value="VDDFirst"/>
        <property key="programoptions.usehighvoltageonmclr" value="false"/>
        <property key="programoptions.uselvpprogramming" value="false"/>
        <property key="voltagevalue" value="3.25"/>
      </PICkit3PlatformTool>
    </conf>
  </confs>
</configurationDescriptor>